<?xml version="1.0" encoding="UTF-8"?> 
<?xml-stylesheet type="text/css" href="css/tei.css"?> 
<?xml-model href="../schema/schema.rng" type="application/xml" schematypens="http://relaxng.org/ns/structure/1.0"?> 
<TEI xmlns="http://www.tei-c.org/ns/1.0" xml:lang="ru"> 
<teiHeader> 
</teiHeader> 
<text> 
<body> 

  <entry xml:lang="orv" xml:id="АКСИОСЪ" type="supplementaryEntry"> <ref target="АСКИОСЪ" type="entry"></ref> 
  <form type="lemma"><orth>АКСИОСЪ</orth></form>, <etym lang="grc" class="ex">от греч. <ref type="lemma" lang="grc">ἄξιος.</ref></etym> 
      <def>"Достоин" - слово, произносившееся старшим при обряде поставления в сан дьякона, свяхенника, епископа и повторявшееся трижды хором певчих.</def> 
      <cit type="example"><quote>И въ царскихъ дверяхъ приняли его митрополитъ и епископъ и повели его <note>[Неофита]</note> около престола, по чину, поюще... тутъ патриархъ говорилъ молитву и омофоръ положилъ, и возгласилъ: аксиосъ.</quote> <bibl><title class="source">Арс.Сух.Проскинитарий</title>,<biblScope unit="page"> 72</biblScope>.<origDate notAfter="1700" notBefore="1600"> ~ 1649—1653 гг.</origDate></bibl></cit> 
      <cit type="example"><quote>Святѣйший же патриархъ, вземъ жезлъ, отдалъ поддиакону, въ то время пѣли: аксиосъ, аксиосъ, аксиосъ.</quote> <note>(Чин возведения в патриархи)</note> <bibl><title class="source">ДАИ</title>  <biblScope unit="volume">VI</biblScope>, <biblScope unit="page">238</biblScope>. <date when="1683">1672 г.</date></bibl></cit>
  </entry>  <entry xml:lang="orv" xml:id="АПЕЛѢИ" type="supplementaryEntry"> <ref target="АПЕЛѢИ" type="entry"></ref> 
  <form type="lemma"><orth>АПЕЛѢИ</orth></form>, <gramGrp><gram type="gender">м.</gram></gramGrp> и <form type="variant"><orth>АПИЛЕОСЪ</orth></form>, <gramGrp><gram type="gender">м.</gram></gramGrp> 
      <def>Название македонского месяца.</def> 
      <cit type="example"><quote>М҃сци по елиномъ .҃а. ксанфикъ .҃в. артемисии... .҃θ. апилеос <gloss lang="grc" class="ex">(Ἀπηλλαῖος)</gloss>.</quote> <bibl><title class="source">Изб.Св.</title> <date when="1073">1073 г.</date><hi rend="sup">3</hi>, <biblScope unit="page">1157</biblScope>.</bibl></cit> 
      <cit type="example"><quote>Вои же его убиено быс&lt;ть&gt; .҃еi. темъ въ третии ҃днь м҃сца апелѣя <gloss lang="grc" class="ex">(Ἀπελλαίου)</gloss>.</quote> <bibl><title class="source">Флавий.Полон.Иерус. (Арх.)</title>, <biblScope unit="page">280</biblScope>. <date notAfter="1500" notBefore="1400">XV в.</date><origDate notAfter="1100" notBefore="1000">~ XI-XII вв.</origDate> <note>[представленные заголовочные формы отражают варианты звучания и написания этого названия в греческом языке].</note></bibl></cit>
  </entry>  <entry xml:lang="orv" xml:id="АСПАЛТЪ" type="supplementaryEntry"> <ref target="АСПАЛТЪ" type="entry"></ref> 
  <form type="lemma"><orth>АСПАЛТЪ</orth></form>, <gramGrp><gram type="gender">м.</gram></gramGrp> 
      <def>Благовонное растение аспалаф <gloss lang="grc"><hi rend="plain">(</hi>ср. греч. <ref type="lemma" lang="grc">ἀσπάλαθος</ref></gloss><hi rend="plain">)</hi>.</def> 
      <cit type="example"><quote>И възнесохся, яко лѣторасль, и яко кунаимен и аспалтъ ароматъ дах воню <gloss lang="grc" class="ex"> (ἀσπάλαθος)</gloss></quote>. <bibl><title class="source">(Сирах. XXIV, 16-17)</title> <title class="source">Библ.Генн.1499 г.</title><date when="1499" type="hidden"/></bibl></cit>
  </entry>  <entry xml:lang="orv" xml:id="АСФИНФЪ" type="supplementaryEntry"> <ref target="АСФИНФЪ" type="entry"></ref> 
  <form type="lemma"><orth>АСФИНФЪ</orth></form>, <gramGrp><gram type="gender">м.</gram></gramGrp> 
      <def><hi rend="plain">(</hi>Горькая<hi rend="plain">)</hi> полынь <gloss lang="grc"><hi rend="plain">(</hi><lbl type="cf">ср.</lbl> греч. <ref type="lemma" lang="grc">ἀψίνθιον, ἀψίνθιος</ref></gloss><hi rend="plain">)</hi>.</def> 
      <cit type="example"><quote>Имя звѣздѣ г҃лться еспинфъ <gloss lang="grc" class="ex">(ἀψίνθιος)</gloss>...<note> [Толкование:]</note> Звѣзду дьявола съ нбсъ спадъша... асфинфомъ же горѣсти пелыньнѣи прикладываеть и</quote>  <etym lang="grc">(в греч. иначе: <ref type="lemma" lang="grc">τὴν διὰ τοῦ ἀψινθίου δηλουμένην πικρίαν</ref></etym>). <bibl><title class="source">Апокал.</title>,<biblScope unit="page"> 42.</biblScope> <date notAfter="1300" notBefore="1200">XIII в.</date></bibl></cit> 
    <xr type="related">— <lbl type="cf">Ср.</lbl><hi rend="sup">*</hi><ref type="lemma">еспинфъ</ref>, <ref type="lemma">опсимъ</ref>. <note>[греч. ψ обычно передается как <hi rend = "italic">пс</hi>, здесь, вероятно, метатеза с оглушением].</note></xr>
  </entry>  <entry xml:lang="orv" xml:id="АСФОДЕЛЬСКИЙ" type="supplementaryEntry"> <ref target="АСФОДЕЛЬСКИЙ" type="entry"></ref> 
  <form type="lemma"><orth>АСФОДЕЛЬСКИЙ</orth></form>, <gramGrp><gram type="pos" value="ADJ">прил.</gram></gramGrp> 
      <def>Полный цветущих асфоделий <hi rend="plain">(</hi>лилий<hi rend="plain">)</hi>.</def> 
      <cit type="example"><quote>Блядъ есть искусивъшиимъ мужа Меинос <gloss lang="grc" class="ex">[ὁ Μίνως]</gloss> онъ и Радамантус, яже съеподобишя еллинес асфоделскыимы травьникомъ <gloss lang="grc" class="ex">(ἀσφοδέλων λειμώνων)</gloss></quote>. <bibl><title class="source">Гр.Наз.</title>, <biblScope unit="page">34</biblScope>. <date notAfter="1100" notBefore="1000">XI в.</date></bibl></cit>
  </entry>  <entry xml:lang="orv" xml:id="АХИЛА" type="supplementaryEntry"> <ref target="АХИЛА" type="entry"></ref> 
  <form type="lemma"><orth>[АХИЛА]</orth></form>, <gloss lang="lat" class="ex">от лат. <ref type="lemma" lang="lat">anquilla 'угорь'.</ref></gloss> 
      <cit type="example"><quote>Ахили - угрь рыба.</quote> <bibl><title class="source">Алф.</title><hi rend="sup">1</hi>, <biblScope unit="page">19</biblScope>. <date notAfter="1700" notBefore="1600">XVII в.</date></bibl></cit>
  </entry>  <entry xml:lang="orv" xml:id="БАЗИЛИКОНЪ" type="supplementaryEntry"> <ref target="БАЗИЛИКОНЪ" type="entry"></ref> 
  <form type="lemma"><orth>БАЗИЛИКОНЪ</orth></form>, <gramGrp><gram type="gender">м.</gram></gramGrp> 
      <def>Василек или базилик <etym lang="grc"><hi rend="plain">(</hi>ср. греч. <ref type="lemma" lang="grc">βασιλικόν</ref></etym><hi rend="plain">)</hi>.</def> 
      <cit type="example"><quote>По-руски василики... базиликонъ</quote>. <bibl><title class="source">Травник Любч.</title>, <biblScope unit="page">178</biblScope>.<lb/><date notAfter="1700" notBefore="1600">XVII в.</date> <origDate when="1534">~ 1534 г.</origDate></bibl></cit>
  </entry>  <entry xml:lang="orv" xml:id="БАСТРЯ" type="supplementaryEntry"> <ref target="БАСТРЯ" type="entry"></ref> 
  <form type="lemma"><orth>БАСТРЯ</orth></form>, <gramGrp><gram type="gender">м.</gram></gramGrp> или <gramGrp><gram type="gender">с.</gram></gramGrp> 
      <def>Незаконнорожденный ребенко, бастард <etym lang="deu"><hi rend="plain">(</hi>ср. нем. <ref type="lemma" rend="plain"> Bastard</ref></etym><hi rend="plain">)</hi>.</def> 
      <cit type="example"><quote>Бастря - от блудница рожденное отроча, еже есть таймичищь или выблядок</quote>. <bibl><title class="source">Алф.<hi rend="sup">3</hi></title>, <biblScope unit="page">104 об.</biblScope> <date notAfter="1700" notBefore="1600">XVII в.</date></bibl></cit>
  </entry>  <entry xml:lang="orv" xml:id="ВАЛСАМНЫЙ" type="supplementaryEntry"> <ref target="ВАЛСАМНЫЙ" type="entry"></ref> 
  <form type="lemma"><orth>ВАЛСАМНЫЙ</orth></form> и <form type="variant"><orth>ВЛАСАМНЫЙ</orth></form>, <gramGrp><gram type="pos" value="ADJ">прил.</gram></gramGrp> 
      <def>Относящийся к бальзамному дереву.</def> 
      <cit type="example"><quote>Инакъ бо схыновьскыи клѣи бываеть, иже зовуть слезу, инака же слеза власамная <note>[вар. <quote>валсамная</quote>]</note>, аки вода, и нарьфика въ Егуптѣ и Ливии инакы слезы имуть <gloss lang="grc" class="ex">(ὁ ὀπὸς τοῦ βαλσάμου)</gloss></quote>. <bibl><title class="source">Шестоднев Ио.екз. (Б.)</title>, <biblScope unit="page">262.</biblScope> <date notAfter="1500" notBefore="1400">XV в.</date> <origDate notAfter="1400" notBefore="1200">~ XIII-XIV вв.</origDate></bibl></cit> 
    <xr type="related">— <lbl type="cf">Ср.</lbl> <ref type="lemma">балсамовый</ref>, <ref type="lemma">валсамовый</ref>.</xr>
  </entry>  <entry xml:lang="orv" xml:id="ВАСИЛОПАТЕРЪ" type="supplementaryEntry"> <ref target="ВАСИЛОПАТЕРЪ" type="entry"></ref> 
  <form type="lemma"><orth>ВАСИЛОПАТЕРЪ</orth></form>, <gramGrp><gram type="gender">м.</gram></gramGrp> 
      <def>Отец царей <note><hi rend="plain">(</hi>здесь как прозвище<hi rend="plain">)</hi></note> <etym lang="grc"><hi rend="plain">(</hi>от греч. <ref type="lemma" lang="grc">βασιλέων</ref> и <ref type="lemma" lang="grc">πατήρ</ref></etym><hi rend="plain">)</hi>.</def> 
      <cit type="example"><quote>Толико же почтенъ бысть царемъ блаженный Арсений, яко и василопатеръ нарицатися</quote>. <bibl><title class="source">Хрон.1512 г.</title> <date when="1512" type="hidden"/>, <biblScope unit="page">280</biblScope>. <date when="1538">1538 г.</date></bibl></cit>
  </entry>  <entry xml:lang="orv" xml:id="ВРАГИМИНЪ" type="supplementaryEntry"> <ref target="ВРАГИМИНЪ" type="entry"></ref> 
  <form type="lemma"><orth>ВРАГИМИНЪ</orth></form>, <gramGrp><gram type="gender">м.</gram></gramGrp> 
      <def>Брахман <etym lang="grc"><hi rend="plain">(</hi>от греч. <ref type="lemma" lang="grc">βραχμάν</ref></etym> <etym lang="san">от санскр. <ref type="lemma" rend="plain"> brahmán</ref><hi rend="plain">)</hi>.</etym></def> 
      <cit type="example"><quote>Перегрин... ся сам ужже, подражая Клина врагамина</quote>. <bibl><title class="source">Хрон.Г.Синк.</title>, <biblScope unit="page">159</biblScope>. <date notAfter="1500" notBefore="1400">XV в.</date></bibl></cit>
  </entry>  <entry xml:lang="orv" xml:id="ГИГАСЪ" type="supplementaryEntry"> <ref target="ГИГАСЪ" type="entry"></ref> 
  <form type="lemma"><orth>ГИГАСЪ</orth></form>, <gramGrp><gram type="gender">м.</gram></gramGrp>, <gloss lang="grc" class="ex">от греч. <ref type="lemma" lang="grc">γίγας.</ref></gloss> 
      <def>Гигант.</def> 
      <cit type="example"><quote>Не с҃псаеть же ся и ҃црь многыя ради силы и штуд&lt;ь&gt; [на поле: <quote>исполинъ</quote>, <quote>гигасъ</quote>] не сънабъдиться въ множьмствѣ силы своея</quote> <bibl><title class="text">(Пс.117, 8-9)</title> <title class="source">Изб.Св.1073 г.</title><hi rend="sup">3</hi> <date when="1073" type="hidden"/>, <biblScope unit="page">397</biblScope>.</bibl></cit> 
    <xr type="related">— <lbl type="cf">Ср.</lbl> <ref type="lemma">гигантъ</ref>.</xr>
  </entry>  <entry xml:lang="orv" xml:id="ГИМНОСОФИСТЪ" type="supplementaryEntry"> <ref target="ГИМНОСОФИСТЪ" type="entry"></ref> 
  <form type="lemma"><orth>ГИМНОСОФИСТЪ</orth></form> (<form type="variant"><orth>ГУМНОСОФИСТЪ</orth></form>), <gramGrp><gram type="gender">м.</gram></gramGrp> 
      <def>Гимнософист - индийский философ-аскет <etym lang="grc"><hi rend="plain">(</hi>ср. греч. <ref type="lemma" lang="grc">γυμνοσοφιστής</ref></etym><hi rend="plain">)</hi>.</def> 
      <cit type="example"><quote>Языци роздѣлишася и суть расѣяни въ языцѣхъ и племенѣхъ... имена же ихъ суть се... гумнософисте, троглодуте <gloss lang="grc" class="ex">(γυμνοσοφισταί)</gloss></quote> <bibl><title class="source">Изб.Св.1073 г.</title><date when="1073" type="hidden"/><hi rend="sup">3</hi>, <biblScope unit="page">689</biblScope>.</bibl></cit>
  </entry>  <entry xml:lang="orv" xml:id="ГИРОКОМСТВО" type="supplementaryEntry"> <ref target="ГИРОКОМСТВО" type="entry"></ref> 
  <form type="lemma"><orth>ГИРОКОМСТВО</orth></form>, <gramGrp><gram type="gender">с.</gram></gramGrp> 
      <def>Уход за стариками <etym lang="grc"><hi rend="plain">(</hi>ср. греч. <ref type="lemma" lang="grc">γηροκομία</ref></etym><hi rend="plain">)</hi>.</def> 
      <cit type="example"><quote>Скопленъ же бѣ... человѣкъ злодѣлатель, нравомъ лукавъ... иже приемъ попечение гирокомства, и прочаа вся власти водяше горѣ и долу <gloss lang="grc" class="ex">(τὴν ἐπιμέλειαν τῶν γηροκομουμένων)</gloss></quote>. <bibl><title class="source">(Хрон.Манас.)</title> <title class="source">Хроногр.1512 г.</title><date when="1512" type="hidden"/>, <biblScope unit="page">371</biblScope>. <date when="1538">1538 г.</date> <note>[то же - <title class="source">Ник.лет.</title> <biblScope unit="volume">IX</biblScope>, <biblScope unit="page">86</biblScope>. <date notAfter="1600" notBefore="1500">XVI в.</date>]</note> .</bibl></cit>
  </entry>  <entry xml:lang="orv" xml:id="ГНАФЕЙ" type="supplementaryEntry"> <ref target="ГНАФЕЙ" type="entry"></ref> 
  <form type="lemma"><orth>ГНАФЕЙ</orth></form>, <gramGrp><gram type="gender">м.</gram></gramGrp> 
      <def>Белильщик <etym lang="grc"><hi rend="plain">(</hi>ср.греч. <ref type="lemma" lang="grc">κναφεύς</ref></etym><hi rend="plain">)</hi>.</def> 
      <cit type="example"><quote>Тъгда текъ единъ гнафеи, удари и въ лобъ дрѣвомь... и умрътви и <gloss lang="grc" class="ex">(τις κναφεύς)</gloss></quote>. <bibl><title class="source">Панд.Ант.</title><hi rend="sup">1</hi>, <biblScope unit="page">103</biblScope>. <date notAfter="1100" notBefore="1000">XI в.</date></bibl> <note>[то же - <bibl><title class="source">ВМЧ</title>, <biblScope unit="volume">Дек. 24</biblScope>, <biblScope unit="page">2024</biblScope>. <date notAfter="1600" notBefore="1500">XVI в.</date>]</bibl></note>.</cit>
  </entry>  <entry xml:lang="orv" xml:id="ГНАФЕОВЪ" type="supplementaryEntry"> <ref target="ГНАФЕОВЪ" type="entry"></ref> 
  <form type="lemma"><orth>ГНАФЕОВЪ</orth></form>, <gramGrp><gram type="pos" value="ADJ">прил.</gram></gramGrp> 
      <def>Относящийся к белильщику.</def> 
      <cit type="example"><quote>И рече Г҃ь къ Исаии: изиди противу Ахазу ты и... с҃нъ твои къ купѣли вышняаго пути села гнафеова <gloss lang="grc" class="ex">(ἀγροῦ τοῦ κναφέως)</gloss></quote>. <bibl><title class="text">(Ис. VII, 3)</title> <title class="source">Библ.Генн.1499 г.</title><date when="1499" type="hidden"/></bibl></cit>
  </entry>  <entry xml:lang="orv" xml:id="ГНОСИСЪ" type="supplementaryEntry"> <ref target="ГНОСИСЪ" type="entry"></ref> 
  <form type="lemma"><orth>ГНОСИСЪ</orth></form>, <gloss lang="grc" class="ex">от греч. <ref type="lemma" lang="grc">γνῶσις</ref> 'познание'.</gloss> 
      <def>Разум.</def> 
      <cit type="example"><quote>Гносисъ - умъ</quote>. <bibl><title class="source">Алф.</title><hi rend="sup">1</hi>, <biblScope unit="page">36.</biblScope> <date notAfter="1700" notBefore="1600">XVII в.</date></bibl></cit>
  </entry>  <entry xml:lang="orv" xml:id="ГОРПИЙ" type="supplementaryEntry"> <ref target="ГОРПИЙ" type="entry"></ref> 
  <form type="lemma"><orth>ГОРПИЙ</orth></form> и <form type="variant"><orth>ГОРПИЕОСЪ</orth></form>, <gramGrp><gram type="gender">м.</gram></gramGrp> 
      <def>Название македонского месяца.</def> 
      <cit type="example"><quote>М҃сци по елиномъ .҃а. ксанфикъ .҃в. артемисии... .҃s. горпиеосъ <gloss lang="grc" class="ex">(γορπιαῖος)</gloss></quote>. <bibl><title class="source">Изб.Св.1073 г.</title><hi rend="sup">3</hi><date when="1073" type="hidden"/>, <biblScope unit="page">1157</biblScope>.</bibl></cit> 
      <cit type="example"><quote>Скончявшимъ же ся уже приспамъ въ .҃з. ҃днь горпия ҃мсця, еже есть септябрь</quote>. <bibl><title class="source">Флавий.Полон.Иерус. (Арх.)</title>, <biblScope unit="page">363</biblScope>. <date notAfter="1500" notBefore="1400">XV в.</date> <origDate notAfter="1200" notBefore="1000">~ XI-XII в.</origDate></bibl></cit>
  </entry>  <entry xml:lang="orv" xml:id="ДЕСИИ" type="supplementaryEntry"> <ref target="ДЕСИИ" type="entry"></ref> 
  <form type="lemma"><orth>ДЕСИИ</orth></form>, <gramGrp><gram type="gender">м.</gram></gramGrp> 
      <def>Название македонского месяца.</def> 
      <cit type="example"><quote>М҃сци по елиномъ .҃а. ксанфикъ .҃в. артемисии .҃г. десии <gloss lang="grc" class="ex">(Δαίσιος)</gloss></quote>. <bibl><title class="source">Изб.Св.1073 г.</title><hi rend="sup">3</hi><date when="1073" type="hidden"/>, <biblScope unit="page">1157</biblScope>.</bibl></cit> 
      <cit type="example"><quote>Низшедъ въ Кесарию въ .҃в. ҃днь м҃сця десия <gloss lang="grc" class="ex">(Δαισίου)</gloss></quote>. <bibl><title class="source">Флавий.Полон.Иерус. (Арх.)</title>, <biblScope unit="page">265</biblScope>. <date notAfter="1500" notBefore="1400">XV в.</date> <origDate notAfter="1200" notBefore="1000">~ XI-XII в.</origDate></bibl></cit>
  </entry>  <entry xml:lang="orv" xml:id="ДЕСТРАРИОЛА" type="supplementaryEntry"> <ref target="ДЕСТРАРИОЛА" type="entry"></ref> 
  <form type="lemma"><orth>ДЕСТРАРИОЛА</orth></form> вм. [<form type="variant" usg="hyp"><orth>ДЕКСТРАЛИОЛА</orth></form>], <gramGrp><gram type="gender">ж.</gram></gramGrp> 
      <def>Браслети.<gloss lang="lat"><hi rend="plain">(</hi>ср. лат. <ref type="lemma" lang="lat">dextraliola</ref> <gramGrp><gram type="number">мн. от</gram></gramGrp> <ref type="lemma" lang="lat">dextraliolum</ref></gloss><hi rend="plain">)</hi>.</def> 
      <cit type="example"><quote>Обутъ же [Юдифь] сандалиа ногам своимъ, приа же дестрариола <note>[на поле ркп. пояснение: иже ес&lt;ть&gt; украшение деснѣи странѣ, а ес&lt;ть&gt; имя умалено]</note> и лилии.</quote> <bibl><title class="text">(Юдифь X, 3)</title> <title class="source">Библ.Генн.1499 г.</title><date when="1499" type="hidden"/></bibl></cit> <note>[форма <quote><hi rend = "italic">дестрариола</hi></quote> - результат порчи или упрощения; далее ассимиляция: <hi rend = "italic">-р-</hi> вместо <hi rend = "italic">-л-</hi>].</note>
  </entry>  <entry xml:lang="orv" xml:id="ДИДИМЪ" type="supplementaryEntry"> <ref target="ДИЛИМЪ" type="entry"></ref> 
  <form type="lemma"><orth>ДИДИМЪ</orth></form> и <form type="variant"><orth>ДИДУМЪ</orth></form>, <gramGrp><gram type="gender">м.</gram></gramGrp> 
    <sense n="1">1. 
      <def>Близнец.</def> 
      <cit type="example"><quote>Дидимъ - близнецъ, рекше двоеникъ.</quote> <bibl><title class="source">Азб.</title>, <biblScope unit="page">32 об</biblScope>. <date when="1654">1654 г.</date></bibl></cit>
    </sense><lb/>
    <sense n="2">2. 
      <def>Название месяца, соответствующего созвездия Близнецов.</def> 
      <cit type="example"><quote>М҃сци по македономъ .҃а. таурос .҃в. дидумь.<gloss lang="grc" class="ex">(Δίδυμος)</gloss></quote> <bibl><title class="source">Изб.Св.1073 г.</title><hi rend="sup">3</hi><date when="1073" type="hidden"/>, <biblScope unit="page">1155</biblScope>.</bibl></cit> 
    <xr type="related">—<lbl type="cf">Ср.</lbl> <ref type="lemma">дидимосъ</ref>.</xr>
    </sense>
  </entry>   <entry xml:lang="orv" xml:id="ДИКТАМЪ" type="supplementaryEntry"> <ref target="ДИКТАМЪ" type="entry"></ref> 
  <form type="lemma"><orth>ДИКТАМЪ</orth></form>, <gramGrp><gram type="gender">м.</gram></gramGrp> 
      <def>То же, что <ref type="lemma" class="def">диктамонъ</ref>.</def> 
      <cit type="example"><quote>Ростетъ тутъ корень диктамъ имянуется... ко всему зѣло потребенъ.</quote> <bibl><title class="source">Козм.</title>, <biblScope unit="page">295</biblScope>. <date when="1670">1670 г.</date></bibl></cit>
  </entry>  <entry xml:lang="orv" xml:id="ДИКТАМОНЪ" type="supplementaryEntry"> <ref target="ДИКТАМОНЪ" type="entry"></ref> 
  <form type="lemma"><orth>ДИКТАМОНЪ</orth></form>, <gramGrp><gram type="gender">м.</gram></gramGrp> 
      <def>Ясенец, дикий бадьян <gloss lang="grc"><hi rend="plain">(</hi>ср. греч. <ref type="lemma" lang="grc">δίκταμον, δίκταμνον</ref></gloss><hi rend="plain">)</hi>.</def> 
      <cit type="example"><quote>Раненъ козелъ, изьядъ диктамонъ зелие, яда стрѣл&lt;ь&gt;наго отмещеть <gloss lang="grc" class="ex">(δίκταμνον)</gloss>.</quote> <bibl><title class="source">Шестоднев Г.Пизида.</title>, <biblScope unit="page">29</biblScope>. <date notAfter="1500" notBefore="1400">XV в.</date> <origDate when="1385">~ 1385 г.</origDate></bibl></cit> 
    <xr type="related">—<lbl type="cf">Ср.</lbl> <hi rend="sup">*</hi><ref type="lemma">диктамъ</ref>.</xr>
  </entry>  <entry xml:lang="orv" xml:id="ДИМОТЪ" type="supplementaryEntry"> <ref target="ДИМОТЪ" type="entry"></ref> 
  <form type="lemma"><orth>ДИМОТЪ</orth></form> и <form type="variant"><orth>ДИМОТИ</orth></form>, <gramGrp><gram type="gender">м.</gram></gramGrp>, <gloss lang="grc" class="ex">от греч. <ref type="lemma" lang="grc">δημότης</ref></gloss>, <gloss lang="grc" class="ex">среднегреч. <ref type="lemma" lang="grc">δδημότι(ς)</ref>.</gloss> 
      <def>Человек из народа, простолюдин.</def> 
      <cit type="example"><quote>Иди да поставить п҃спа, иже е отъ димотъ... поставленъ же бывъ мѣненыи отъ димотъ, паче же димоти, рекъше народьникъ, нача ся въ умѣ кычити и величати <gloss lang="grc" class="ex">(ἀπὸ δημοτῶν... ἀπὸ δημοτῶν... ὁ δημότης)</gloss>.</quote> <bibl><title class="source">Изб.Св.</title>, <date when="1073">1073 г.</date><hi rend="sup">3</hi>, <biblScope unit="page">511</biblScope>.</bibl></cit> 
      <cit type="example"><quote>Яко же о димотѣ, аще одина чясть ѣцря славить, другая же чясть не печалуеть <gloss lang="grc" class="ex">(ἐπὶ τῶν δημοτῶν)</gloss></quote>. <bibl><title class="source">Патерик Син.</title>, <biblScope unit="page">267</biblScope>. <date notAfter="1100" notBefore="1000">XI в.</date></bibl></cit>
  </entry>  <entry xml:lang="orv" xml:id="ДИМОСИЯ" type="supplementaryEntry"> <ref target="ДИМОСИЯ" type="entry"></ref> 
  <form type="lemma"><orth>[ДИМОСИЯ]</orth></form>, <etym lang="grc" class="ex">от греч. <gramGrp><gram type="gender">мн. ср.р.</gram></gramGrp> <ref type="lemma" lang="grc">δημόσια</ref> <gramGrp> <gram type="number">мн. от</gram></gramGrp> <ref type="lemma" lang="grc">δημόσιος</ref><lbl type="instead" rend="italic"> 'общественный'</lbl>.</etym> 
      <cit type="example"><quote>Рече пакы: о҃ци наши и лица своя рѣдъко умываху, мы же баня и домы сия <note>[вм. пер- вонач.: <quote>димосия</quote> (?) — τὰ δημόσια]</note> обрѣтаемъ <gloss lang="grc" class="ex">(ατὰ λουτρὰ τὰ δημόσια)</gloss> 'общественные бани'.</quote> <bibl><title class="source">Патерик Син.</title>, <biblScope unit="page">267</biblScope>. <date notAfter="1100" notBefore="1000">XI в.</date></bibl></cit>
  </entry>  <entry xml:lang="orv" xml:id="ДИОСЪ" type="supplementaryEntry"> <ref target="ДИОСЪ" type="entry"></ref> 
  <form type="lemma"><orth>ДИОСЪ</orth></form>, <gramGrp><gram type="gender">м.</gram></gramGrp> 
      <def>Название македонского месяца.</def> 
      <cit type="example"><quote>М҃сци по елиномъ .҃а. ксанфикъ .҃в. артемисии .҃и. диос <gloss lang="grc" class="ex">(Δῖος)</gloss>.</quote> <bibl><title class="source">Изб.Св.1073 г.</title><hi rend="sup">3</hi><date when="1073" type="hidden"/>, <biblScope unit="page">1157</biblScope>.</bibl></cit>
  </entry>  <entry xml:lang="orv" xml:id="ДРАКОНАРИЙ" type="supplementaryEntry"> <ref target="ДРАКОНАРИЙ" type="entry"></ref> 
  <form type="lemma"><orth>[ДРАКОНАРИЙ]</orth></form>, <gramGrp><gram type="gender">м.</gram></gramGrp> 
      <def>Драконарий - знаменосец, носивший знамя с изображением дракона <gloss lang="grc"><hi rend="plain">(</hi>ср. греч. <ref type="lemma" lang="grc">δρακονάριος</ref></gloss> <gloss lang="lat"><hi rend="plain">(</hi>от лат. <ref type="lemma" lang="lat">draconarius</ref><hi rend="plain">)</hi></gloss>.</def> 
      <cit type="example"><quote>Нѣкто ҃ць повѣда намъ, яко &lt;дракон&gt;арии <note>[в ркп.: <quote>иарии</quote>]</note> нѣкто повѣда ми, г҃ля: брань имѣхомъ <gloss lang="grc" class="ex">(δρακονάριος)</gloss>.</quote> <bibl><title class="source">Патерик Син.</title>, <biblScope unit="page">59</biblScope>. <date notAfter="1100" notBefore="1000">XI в.</date></bibl></cit>
  </entry>  <entry xml:lang="orv" xml:id="ДРУНГАРИЙ" type="supplementaryEntry"> <ref target="ДРУНГАРИЙ" type="entry"></ref> 
  <form type="lemma"><orth>ДРУНГАРИЙ</orth></form>, <gramGrp><gram type="gender">м.</gram></gramGrp> 
      <def>Командир военного подразделения <hi rend="plain">(</hi>друнга<hi rend="plain">)</hi> в византийской армии<etym lang="grc"><hi rend="plain">(</hi>ср. греч. <ref type="lemma" lang="grc">δρουγγάριος</ref></etym><etym lang="lat"><hi rend="plain">(</hi>от лат. <ref type="lemma" lang="lat">drungarius</ref></etym><hi rend="plain">)</hi>.</def> 
      <cit type="example"><quote>Романъ, позаду паракимумена Костянтина шествуа, схыти его руками и възгласи: «възмѣте и» и въскорѣ же си, сего въсхытивше, въ друнгарьа Романа въ триирю введша <gloss lang="grc" class="ex">(εἰς τὴν τοῦ δρουγγαρίου Ῥωμανοῦ τριήρη)</gloss>.</quote> <bibl><title class="source">Хрон.Г.Амарт.</title>, <biblScope unit="page">549</biblScope>. <date>XV в.</date> <origDate notAfter="1100" notBefore="1000">~ XI в.</origDate></bibl></cit>
  </entry>  <entry xml:lang="orv" xml:id="ДЬЯВОЛЯ" type="supplementaryEntry"> <ref target="ДЬЯВОЛЯ" type="entry"></ref> 
  <form type="lemma"><orth>ДЬЯВОЛЯ</orth></form>, <gramGrp><gram type="gender">ж.</gram></gramGrp> 
      <def>Дурная слава <etym lang="grc"><hi rend="plain">(</hi>ср. греч. <ref type="lemma" lang="grc">διαβολή</ref></etym><hi rend="plain">)</hi>.</def> 
      <cit type="example"><quote>Великыи Василии написа <note>[монаху]</note>... Егда томляшеся къ премѣнению ч҃стьному нраву, уметуя свое имение, дому же угожение и подружная бесѣды отмѣтаяся... доиде въ Иер҃смъ... кое сихъ конець? Прелюбодѣянѣи хвалѣ дьяволя ... язву творить ушима нашима и ср҃дцю<gloss lang="grc" class="ex">(μοιχικῆς φήμης διαβολή</gloss> ‘дурная слава молвы о прелюбодеянии’).</quote> <bibl><title class="source">Хрон.Г.Амарт.</title>, <biblScope unit="page">150</biblScope>. <date>XIV в.</date> <origDate notAfter="1100" notBefore="1000">~ XI в.</origDate></bibl></cit>
  </entry>  <entry xml:lang="orv" xml:id="ЕВЕНСКИЙ" type="supplementaryEntry"> <ref target="ЕВЕНСКИЙ" type="entry"></ref> 
  <form type="lemma"><orth>ЕВЕНСКИЙ</orth></form> (<form type="variant"><orth>ЕВЕНЬСКЫИ</orth></form>), <gramGrp><gram type="pos" value="ADJ">прил.</gram></gramGrp> 
      <def>Сделанный из черного эбенового дерева.</def> 
      <cit type="example"><quote>Цр҃ца Уга Соломану бл҃гыа воня принесе... и жьзлы евеньскыа... и злато <gloss lang="grc" class="ex">(ῥάβδους ἐβεννίνους)</gloss>.</quote> <bibl><title class="source">Козма Инд.</title><hi rend="sup">3</hi>, <biblScope unit="page">70</biblScope>. <date notAfter="1500" notBefore="1400">XV в.</date> <origDate notAfter="1300" notBefore="1200">~ XII-XIII вв.</origDate></bibl></cit>
  </entry>  <entry xml:lang="orv" xml:id="ЕГОКЕРЪ" type="supplementaryEntry"> <ref target="ЕГОКЕРЪ" type="entry"></ref> 
  <form type="lemma"><orth>ЕГОКЕРЪ</orth></form>, <gramGrp><gram type="gender">м.</gram></gramGrp> 
      <def>Греческое название месяца, соответствующего созвездия Козерога.</def> 
      <cit type="example"><quote>Мсц҃ и по македономъ .а.҃ таурос ... .θ.҃ егокеръ <note>[глосса: <quote>козьль рогъ</quote>]</note><gloss lang="grc" class="ex">(Αἰγόκερως)</gloss>.</quote> <bibl><title class="source">Изб.Св.1073 г.</title><date when="1073" type="hidden"/>, <biblScope unit="page">1155</biblScope>.</bibl></cit> 
      <cit type="example"><quote>Да како вся Егильскыя жены <gloss lang="grc" class="ex">[αἱ Γήλων γυναῖκες]</gloss> не родишас&lt;я&gt; въ Егокерѣ или въ Удрисѣ <gloss lang="grc" class="ex">(Αἰγοκέρῳ)</gloss>?</quote> <bibl><title class="source">Сильв. и Ант.вопр.</title><hi rend="sup">1</hi>, <biblScope unit="page">383</biblScope>. <date notAfter="1500" notBefore="1400">XV в.</date></bibl></cit>
  </entry>  <entry xml:lang="orv" xml:id="ЕКСПЛОРАТОРЪ" type="supplementaryEntry"> <ref target="ЕКСПЛОРАТОРЪ" type="entry"></ref> 
  <form type="lemma"><orth>ЕКСПЛОРАТОРЪ</orth></form>, <gramGrp><gram type="gender">ж.</gram></gramGrp> 
      <def>Разведчик, лазутчик<etym lang="lat"><hi rend="plain">(</hi>ср. лат. <ref type="lemma" lang="lat">explorator</ref></etym><hi rend="plain">)</hi>.</def> 
      <cit type="example"><quote>Ексъплоратори ниции, тако нарицаеми римляне, еллинскы же расоци, приидоша къ Нектонавови <gloss lang="grc" class="ex">(ἐξπλωράτορες)</gloss>.</quote> <bibl><title class="source">Александрия</title> , <biblScope unit="page">6</biblScope>. <date notAfter="100" notBefore="1400">XV в.</date> <origDate notAfter="1200" notBefore="1100">~ XII в.</origDate></bibl></cit>
  </entry>  <entry xml:lang="orv" xml:id="ЕЛЕФАНТОВЪ" type="supplementaryEntry"> <ref target="ЕЛЕФАНТОВЪ" type="entry"></ref> 
  <form type="lemma"><orth>ЕЛЕФАНТОВЪ</orth></form>, <gramGrp><gram type="pos" value="ADJ">прил.</gram></gramGrp> 
    <sense n="1">1. 
      <def>Относящийся к елефанту <hi rend="plain">(</hi>слону<hi rend="plain">)</hi>.</def> 
      <cit type="example"><quote>Дом слоновный есть кость слонова <note>[глосса: <quote>елефантова</quote>]</note><gloss lang="lat" class="ex">(ebur est os elephantis)</gloss>.</quote> <bibl><title class="source">Брун.Толк.Псалт.</title>, <biblScope unit="page">220</biblScope>. <date notAfter="1700" notBefore="1600">XVII в.</date> <origDate when="1535">~ 1535 г.</origDate></bibl></cit>
    </sense><lb/>
    <sense n="2">2. 
      <def>Сделанный из слоновой кости.</def> 
      <cit type="example"><quote>Чюдо бо бѣ того <note>[блаженного]</note> зрѣти толико къ иже о Бозѣ житию имуща тщание... богатьство же еже ничесоже стяжати... яко ничтоже держати множае любожител&lt;ь&gt;нымъ, иже всю нощь постелями мягкыми на одрохъ сѣдять елефантовѣхъ <gloss lang="grc" class="ex">(ἐπὶ κλινῶν... τῶν ἐλεφαντίνων)</gloss>.</quote> <bibl><title class="text">(Ж.Харит)</title> <title class="source">ВМЧ</title>, <biblScope unit="volume">Сент. 25-30</biblScope>, <biblScope unit="page">2179</biblScope>. <date notAfter="1600" notBefore="1500">XVI в.</date></bibl></cit>
    </sense>
  </entry>   <entry xml:lang="orv" xml:id="ЕПИУСИОНЪ" type="supplementaryEntry"> <ref target="ЕПИУСИОНЪ" type="entry"></ref> 
  <form type="lemma"><orth>ЕПИУСИОНЪ</orth></form>, <gloss lang="grc" class="ex">от греч. <ref type="lemma" lang="grc">ἐπιούσιον</ref></gloss>, <gloss lang="grc" class="ex">ср. р. от <ref type="lemma" lang="grc">ἐπιούσιος</ref> 'насущный'.</gloss> 
      <cit type="example"><quote>Сь хлѣбъ есть начатъкъ придущяаго хлѣба, иже есть присносущьныи, епиусинъ <note>[вар.: <quote>епиусионъ</quote>]</note> бо елиньскы речеть ся или придоущии, еже есть грядоущааго вѣка, или еже есть на съблюденьѥ сущьства нашего приемлемо <gloss lang="grc" class="ex">(τὸ... ἐπιούσιον)</gloss>.</quote> <bibl><title class="source">Ио.екз.Бог.</title><hi rend="sup">1</hi>, <biblScope unit="volume">III</biblScope>, <biblScope unit="page">28</biblScope>. <date notAfter="1300" notBefore="1100">XII—XIII вв.</date></bibl></cit>
  </entry>  <entry xml:lang="orv" xml:id="ЕСПЕРИНА" type="supplementaryEntry"> <ref target="ЕСПЕРИНА" type="entry"></ref> 
  <form type="lemma"><orth>ЕСПЕРИНА</orth></form>, <gramGrp><gram type="gender">м.</gram></gramGrp> 
      <def>Вечерняя служба <etym lang="grc"><hi rend="plain">(</hi>ср. греч. <ref type="lemma" lang="grc">ἑσπερινός</ref></etym><hi rend="plain">)</hi>.</def> 
      <cit type="example"><quote>Воединъубодн҃ ь,смотривь по есперинах, и утаився от своея братия, пребы внѣ ограды, крыяся за столпомъ <gloss lang="grc" class="ex">(περὶ [вар.: μετὰ] τὸ λυχνικόν)</gloss>.</quote> <bibl><title class="text">(Ж.Даниила Столп.)</title> <title class="source">ВМЧ</title>, <biblScope unit="volume">Дек. 6—17</biblScope>, <biblScope unit="page">847</biblScope>. <date notAfter="1600" notBefore="1500">XVI в.</date></bibl></cit>
  </entry>  <entry xml:lang="orv" xml:id="ЕСПИНФЪ" type="supplementaryEntry"> <ref target="ЕСПИНФЪ" type="entry"></ref> 
  <form type="lemma"><orth>ЕСПИНФЪ</orth></form>, <gramGrp><gram type="gender">м.</gram></gramGrp> 
      <def><hi rend="plain">(</hi>Горькая<hi rend="plain">)</hi> полынь <etym lang="grc"><hi rend="plain">(</hi>ср. греч. <ref type="lemma" lang="grc">ἀψίνθιον, ἀψίνθιος</ref><hi rend="plain">)</hi></etym>.</def> 
      <cit type="example"><quote>Имя звѣздѣ гл҃ться еспинфъ... <note>[Толкование:]</note> Звѣзду мѣнить дьявола съ нб҃съ спадъша... асфинфомь же горѣсти пелыньнѣи прикладываеть и <gloss lang="grc" class="ex">(ἀψίνθιος)</gloss>.</quote> <bibl><title class="source">Апокал.</title>, <biblScope unit="page">42</biblScope>. <date notAfter="1300" notBefore="1200">XIII в.</date></bibl></cit> 
    <xr type="related">— <lbl type="cf">Ср.</lbl> <hi rend="sup">*</hi><ref type="lemma">асфинфъ</ref>, <ref type="lemma">опсимъ</ref></xr>
  </entry>  <entry xml:lang="orv" xml:id="ЕФИМЕРИЯ" type="supplementaryEntry"> <ref target="ЕФИМЕРИЯ" type="entry"></ref> 
  <form type="lemma"><orth>ЕФИМЕРИЯ</orth></form>, <gramGrp><gram type="gender">м.</gram></gramGrp> 
      <def>Смена, череда <hi rend="plain">(</hi>иудейских священносужителей<hi rend="plain">)</hi><etym lang="grc"><hi rend="plain">(</hi>ср. греч. <ref type="lemma" lang="grc">ἐφημερία</ref><hi rend="plain">)</hi></etym>.</def> 
      <cit type="example"><quote>Бысть въ дьни Ирода цр҃а Иудеиска иереи етеръ именемъ Захария отъ ефимерия Авиа <gloss lang="grc" class="ex">(ἐξ ἐφημερίας)</gloss>.</quote> <bibl><title class="text">(Лк. I, 5)</title> <title class="source">Остр.ев.</title>, <biblScope unit="page">277 об.</biblScope> <date when="1057">1057 г.</date><hi rend="sup">13</hi></bibl></cit>
  </entry>  <entry xml:lang="orv" xml:id="ЗУГОСЪ" type="supplementaryEntry"> <ref target="ЗУГОСЪ" type="entry"></ref> 
  <form type="lemma"><orth>ЗУГОСЪ</orth></form>, <gramGrp><gram type="gender">м.</gram></gramGrp> 
      <def>Греческое название месяца, соответствующего созвездия Весы.</def> 
      <cit type="example"><quote>Мс҃ци по македономъ .а҃. таурос .в҃. дидумь... .ѕ҃. зугос <note>[глосса: <quote>ярьм(ъ)</quote>]</note> <gloss lang="grc" class="ex">(Ζυγός)</gloss>.</quote> <bibl><title class="source">Изб.Св.</title> <date when="1073">1073 г.</date><hi rend="sup">3</hi>, <biblScope unit="page">1155</biblScope>.</bibl></cit>
  </entry>  <entry xml:lang="orv" xml:id="ИА" type="supplementaryEntry"> <ref target="ИА" type="entry"></ref> 
  <form type="lemma"><orth>ИА</orth></form>,<etym lang="grc" class="ex">от греч. <ref type="lemma" lang="grc">ἴα</ref>, <gramGrp><gram type="number">мн. от</gram></gramGrp> <ref type="lemma" lang="grc">ἴον</ref></etym> 
      <def>Фиалка <hi rend="plain">(</hi>здесь: фиалки<hi rend="plain">)</hi>.</def> 
      <cit type="example"><quote>Бѣаше же одѣнъ <note>[юноша]</note> одежею бо҃лѣпною, от шию до перси его бѣлу ... от персии же до пояса, якоже иа и рода багряна, а от пояса до колѣну его, яко былье зелено и китро льщащеся <gloss lang="grc" class="ex">(ἴον)</gloss>.</quote> <bibl><title class="source">Ж.Андр.Юрод.</title><hi rend="sup">1</hi>, <biblScope unit="page">227</biblScope>. <date notAfter="1500" notBefore="1100">XIV—XII вв.</date></bibl></cit>
  </entry>  <entry xml:lang="orv" xml:id="ИАМВИЙСКИЙ" type="supplementaryEntry"> <ref target="ИАМВИЙСКИЙ" type="entry"></ref> 
  <form type="lemma"><orth>ИАМВИЙСКИЙ</orth></form> (<form type="variant"><orth>ИАМЪВИИСКЫИ</orth></form>), <gramGrp><gram type="pos" value="ADJ">прил.</gram></gramGrp> 
      <def>Ямбический.</def> 
      <cit type="example"><quote> Съложена же бысть ...книга и стихы иамъвиискы <gloss lang="grc" class="ex">(διὰ στίχων ἰάμβων)</gloss>.</quote> <bibl><title class="text">(Ж.Феод.Студ.)</title> <title class="source">Выг.сб.</title>, <biblScope unit="page">235</biblScope>. <date notAfter="1200" notBefore="1100">XII в.</date></bibl></cit>
  </entry>  <entry xml:lang="orv" xml:id="ИАРСЪ" type="supplementaryEntry"> <ref target="ИАРСЪ" type="entry"></ref> 
  <form type="lemma"><orth>ИАРСЪ</orth></form>, <gramGrp><gram type="gender">м.</gram></gramGrp> 
      <def>Название второго месяца еврейского календаря <etym lang="grc"><hi rend="plain">(</hi>ср. греч. <ref type="lemma" lang="grc">Ἰάρ</ref></etym> <etym lang="yid"><hi rend="plain">(</hi>от евр. <ref type="lemma" rend="plain">Iyar</ref></etym><hi rend="plain">)</hi>.</def> 
      <cit type="example"><quote>Мс҃ци по иудѣемъ .а҃. нисан .в҃. иарсъ <gloss lang="grc" class="ex">(Ἰάρ)</gloss>.</quote> <bibl><title class="source">Изб.Св.</title> <date when="1073">1073 г.</date><hi rend="sup">3</hi>, <biblScope unit="page">1155</biblScope>.</bibl></cit>
  </entry>  <entry xml:lang="orv" xml:id="ИВЕИНЪ" type="supplementaryEntry"> <ref target="ИВЕИНЪ" type="entry"></ref> 
  <form type="lemma"><orth>ИВЕИНЪ</orth></form>, <etym lang="grc" class="ex">от греч.формы вин. п. <ref type="lemma" lang="grc">ἰἴβιν</ref>.</etym> 
      <def>Чибис.</def> 
      <cit type="example"><quote>И сих гнушаитес&lt;я&gt; ... и врана нощнаго, и илилика, и ивеинъ, и порфуриона, и ородиона <gloss lang="grc" class="ex">(ἰἴβιν)</gloss>.</quote> <bibl><title class="text">(Лев. XI, 18)</title> <title class="source">Библ.Генн.</title> <date when="1581">1499 г.</date></bibl></cit>
  </entry>  <entry xml:lang="orv" xml:id="ИВИСЪ" type="supplementaryEntry"> <ref target="ИВИСЪ" type="entry"></ref> 
  <form type="lemma"><orth>ИВИСЪ</orth></form>, <gramGrp><gram type="gender">м.</gram></gramGrp> <etym lang="grc" class="ex">от греч. <ref type="lemma" lang="grc">ἶβις</ref> 'чибис'.</etym> 
      <cit type="example"><quote>Иви же коего получи учт҃ля <gloss lang="grc" class="ex">(ἶβις)</gloss>?</quote> <bibl><title class="source">Шестоднев Г.Писиды</title>, <biblScope unit="page">35</biblScope>. <date notAfter="1500" notBefore="1400">XV в.</date> <origDate when="1385">~ 1385 г.</origDate></bibl></cit>
  </entry>  <entry xml:lang="orv" xml:id="ИЛУЛЪ" type="supplementaryEntry"> <ref target="ИЛУЛЪ" type="entry"></ref> 
  <form type="lemma"><orth>[ИЛУЛЪ]</orth></form>, <gramGrp><gram type="gender">м.</gram></gramGrp> 
      <def>Название шестого месяца еврейского календаря <etym lang="grc"><hi rend="plain">(</hi>ср. греч. <ref type="lemma" lang="grc">Εἰλοῦλ</ref></etym> <etym lang="yid"><hi rend="plain">(</hi>от евр. <ref type="lemma" rend="plain">Elul</ref></etym><hi rend="plain">)</hi>.</def> 
      <cit type="example"><quote>Мс҃ци по иудѣемъ .а҃. нисан... .s҃. илумъ <note>[вм.: <quote>илулъ</quote>?]</note> <gloss lang="grc" class="ex">(Εἰλοῦλ)</gloss>.</quote> <bibl><title class="source">Изб.Св.</title> <date when="1073">1073 г.</date><hi rend="sup">3</hi>, <biblScope unit="page">1155</biblScope>.</bibl></cit>
  </entry>  <entry xml:lang="orv" xml:id="ИНИОХОСЪ" type="supplementaryEntry"> <ref target="ИНИОХОСЪ" type="entry"></ref> 
  <form type="lemma"><orth>ИНИОХОСЪ</orth></form>, <gramGrp><gram type="gender">м.</gram></gramGrp> 
      <def>Руководитель <etym lang="grc"><hi rend="plain">(</hi>ср. греч. <ref type="lemma" lang="grc">ἡνίοχος</ref></etym><hi rend="plain">)</hi>.</def> 
      <cit type="example"><quote>Азъ есмь дѣмонъ... иниохосъ идоломъ... питая гоиты <gloss lang="grc" class="ex">(ὁ ἡνίοχος)</gloss>.</quote> <bibl><title class="text">(Муч.Ирины)</title> <title class="source">Усп.сб.</title>, <biblScope unit="page">142</biblScope>. <date notAfter="1200" notBefore="1100">XII в.</date></bibl></cit>
  </entry>  <entry xml:lang="orv" xml:id="ИНУДРЪ" type="supplementaryEntry"> <ref target="ИНУДРЪ" type="entry"></ref> 
  <form type="lemma"><orth>ИНУДРЪ</orth></form>, <gramGrp><gram type="gender">м.</gram></gramGrp> 
      <def>Выдра <etym lang="grc"><hi rend="plain">(</hi>ср. греч. <ref type="lemma" lang="grc">ἐνύδριος, ἐνυδρίς</ref></etym><hi rend="plain">)</hi>.</def> 
      <cit type="example"><quote>Есть животъ гл҃емыи нудръ образъ имыи песии... идеть же убо инудръ и помажетьс&lt;я&gt; каломъ... а енудръ Сп҃са нашего лице есть <gloss lang="grc" class="ex">(ἐνύδριος... ἡ ἐνυδρίς... ἡ δὲ ἐνυδρίς)</gloss>.</quote> <bibl><title class="source">Физ.</title>, <biblScope unit="page">311</biblScope>. <date notAfter="1600" notBefore="1400">XV-XVI в.</date></bibl></cit> 
    <xr type="related">— <lbl type="cf">Ср.</lbl> <ref type="lemma">енудръ</ref>, <ref type="lemma">нудръ</ref></xr>
  </entry>  <entry xml:lang="orv" xml:id="ИНЬЕ" type="supplementaryEntry"> <ref target="ИНЬЕ" type="entry"></ref> 
  <form type="lemma"><orth>ИНЬЕ</orth></form>, <gramGrp><gram type="gender">с.</gram></gramGrp> 
      <def>Затылок <etym lang="grc"><hi rend="plain">(</hi>ср. греч. <ref type="lemma" lang="grc">ἰνίον</ref></etym><hi rend="plain">)</hi>.</def> 
      <cit type="example"><quote>Треми же частьми сълежащися глава, да съ преда еи лежить тѣмя... съзада же зовомое инье, еже есть тылъ, межю же тыломъ и тѣменемь есть коруфи, еже ес&lt;ть&gt; верхъ, сию же часть и ськрание зовуть, еже есть лобь... а тѣмя имать мождени, кожею обьдержимы <gloss lang="grc" class="ex">(ἰνίον)</gloss>.</quote> <bibl><title class="source">Шестоднев Ио.екз. (Б.)</title>, <biblScope unit="page">523.</biblScope> <date notAfter="1500" notBefore="1400">XV в.</date></bibl></cit>
  </entry>  <entry xml:lang="orv" xml:id="ИХФУСЪ" type="supplementaryEntry"> <ref target="ИХФУСЪ" type="entry"></ref> 
  <form type="lemma"><orth>ИХФУСЪ</orth></form>, <gramGrp><gram type="gender">м.</gram></gramGrp> 
      <def>Греческое название месяца, соответствующего созвездию Рыбы.</def> 
      <cit type="example"><quote>Мс҃ци по македономъ. .а.҃ таурос... .i҃а. ихфус <gloss lang="grc" class="ex">(Ἰχθύς)</gloss> <note>[глосса: <lbl type="instead" rend="italic"><quote>рыба</quote></lbl>; выше на <bibl><biblScope unit="page">л. 251а</biblScope>, <biblScope unit="line">строка 8</biblScope></bibl>: <lbl type="instead" rend="italic"><quote>риба</quote></lbl>]</note></quote>. <bibl><title class="source">Изб.Св.</title> <date when="1073">1073 г.</date><hi rend="sup">3</hi>, <biblScope unit="page">1157</biblScope>.</bibl></cit>
  </entry>  <entry xml:lang="orv" xml:id="КАСИДИЛЪ" type="supplementaryEntry"> <ref target="КАСИДИЛЪ" type="entry"></ref> 
  <form type="lemma"><orth>КАСИДИЛЪ</orth></form>, <gramGrp><gram type="gender">м.</gram></gramGrp> 
      <def>Мешочек <hi rend="plain">(</hi>здесь: курительница?<hi rend="plain">)</hi> <etym lang="lat"><hi rend="plain">(</hi>ср. лат. <ref type="lemma" lang="lat">cassidile</ref></etym><hi rend="plain">)</hi>.</def> 
      <cit type="example"><quote>Помяну бо Товиа словеса аг҃гла, изня от касидила своего часть печени, постави же ея на углие живо <gloss lang="lat" class="ex">(de cassidile suo)</gloss>.</quote> <bibl><title class="text">(Тов. VIII, 2)</title> <title class="source">Библ.Генн.1499 г.</title><date when="1499" type="hidden"/></bibl></cit>
  </entry>  <entry xml:lang="orv" xml:id="КОЗЬЛОСКЕЛИСЪ" type="supplementaryEntry"> <ref target="КОЗЬЛОСКЕЛИСЪ" type="entry"></ref> 
  <form type="lemma"><orth>КОЗЬЛОСКЕЛИСЪ</orth></form>, <gramGrp><gram type="gender">м.</gram></gramGrp> 
      <def>Передача полукальной греч. эпитета Пана <etym lang="grc"><ref type="lemma" lang="grc">τραγοσκελής</ref></etym> <lbl type="instead" rend="italic">'козлоногий'</lbl>.</def> 
      <cit type="example"><quote>Цр҃кы бѣаше, въ неиже бяше гозьлостекъникъ просто имы, къ сему же и коръкодилы чьтяху, и змии <gloss lang="grc" class="ex">&lt;Σχολίον:&gt; (τραγοσκελής)</gloss>.</quote> <bibl><title class="source">Изб.Св.</title> <date when="1073">1073 г.</date><hi rend="sup">3</hi>, <biblScope unit="page">785</biblScope>.</bibl></cit>
  </entry>  <entry xml:lang="orv" xml:id="КОНСИСТОРИ" type="supplementaryEntry"> <ref target="КОНСИСТОРИ" type="entry"></ref> 
  <form type="lemma"><orth>КОНСИСТОРИ</orth></form>, <gloss lang="grc" class="ex">от греч. <ref type="lemma" lang="grc">κονσιστόρι(ον)</ref></gloss>, <gloss lang="grc" class="ex">лат. <ref type="lemma" lang="lat">consistorium</ref>.</gloss> 
      <def>Здание суда <hi rend="plain">(</hi>?<hi rend="plain">)</hi>.</def> 
      <cit type="example"><quote>Цс҃рю же повелѣвъшю искати его <note>[Саву]</note>... и плищю бывъшю, и съшедшеся уличьници, обрѣтоша его въ угълѣ при стѣнѣ стояща въ дому нарицаемѣмь коньсистори, псалъмы Давыдовы стихологисающа <gloss lang="grc" class="ex">(εἰς τὸν... κονσιστόριν)</gloss>.</quote> <bibl><title class="source">Ж.Сав.осв.</title>, <biblScope unit="page">273</biblScope>.<date notAfter="1300" notBefore="1200">XIII в.</date></bibl></cit>
  </entry>  <entry xml:lang="orv" xml:id="КОНХИЛА" type="supplementaryEntry"> <ref target="КОНХИЛА" type="entry"></ref> 
  <form type="lemma"><orth>КОНХИЛА</orth></form>, <gramGrp><gram type="gender">ж.</gram></gramGrp> 
      <def>Раковина с улиткой <hi rend="plain">(</hi>Purpura murex<hi rend="plain">)</hi>, из которой получали краску, использовавшуюся для окрашивания дорогой пурпурной ткани.</def> 
      <cit type="example"><quote>Ираклъ... обрѣте коньхиль играа бо на странѣ, яже над моремъ Турьска града, видѣ пса пастушьска ядуща нарицаемую коньхилу... и разумѣ, яко от конхилы есть багоръ на рунѣ <gloss lang="grc" class="ex">(τὴν... κογχύλην... τὴν... κογχύλην... ἐκ τῆς κογχύλης)</gloss>.</quote> <bibl><title class="source">Хрон.И.Малалы</title>, <biblScope unit="volume">II</biblScope>, <biblScope unit="page">472</biblScope>. <date notAfter="1500" notBefore="1400">XV в.</date> <origDate notAfter="1300" notBefore="1200">~ XIII в.</origDate></bibl></cit> 
    <xr type="related">— <lbl type="cf">Ср.</lbl> <ref type="lemma">конхилъ</ref>, <ref type="lemma">конхиль</ref></xr>
  </entry>  <entry xml:lang="orv" xml:id="КОРУФИ" type="supplementaryEntry"> <ref target="КОРУФИ" type="entry"></ref> 
  <form type="lemma"><orth>КОРУФИ</orth></form>, <etym lang="grc" class="ex">от греч. <ref type="lemma" lang="grc">κορυφή</ref>.</etym> 
      <def>Макушка.</def> 
      <cit type="example"><quote>Треми же частьми сълежащися глава, да съ преда еи лежить тѣмя... съ зада же зовомое инье, еже есть тылъ, межю же тыломъ и тѣменемь есть коруфи, еже ес&lt;ть&gt; верхъ, сию же часть и ськрание зовуть, еже есть лобь... а тѣмя имать мождени, кожею обьдержимы <gloss lang="grc" class="ex">(κορυφή)</gloss>.</quote> <bibl><title class="source">Шестоднев Ио.екз. (Б.)</title>, <biblScope unit="page">523</biblScope>. <date notAfter="1500" notBefore="1400">XV в.</date></bibl></cit>
  </entry>  <entry xml:lang="orv" xml:id="ЛИМОНАРИЙ" type="supplementaryEntry"> <ref target="ЛИМОНАРИЙ" type="entry"></ref> 
  <form type="lemma"><orth>ЛИМОНАРИЙ</orth></form>, <gramGrp><gram type="gender">м.</gram></gramGrp> 
      <def>Название произведения Иоанна Мосха «Лимонарь», «Луг духовной» <etym lang="grc"><hi rend="plain">(</hi>ср. греч. <ref type="lemma" lang="grc">Λειμωνάριον</ref></etym><hi rend="plain">)</hi>.</def> 
      <cit type="example"><quote>Отъ Лимонария</quote>. <bibl><title class="source">Изб.Св.</title> <date when="1073">1073 г.</date><hi rend="sup">3</hi>, <biblScope unit="page">628</biblScope>.</bibl></cit> 
      <cit type="example"><quote>Отъ Лимонария <gloss lang="grc" class="ex">(ἐκ τοῦ Λειμωναρίου)</gloss>.</quote> <bibl><title class="source">Там же</title>, <biblScope unit="page">883</biblScope>.</bibl></cit>
  </entry>  <entry xml:lang="orv" xml:id="ЛОИ" type="supplementaryEntry"> <ref target="ЛОИ" type="entry"></ref> 
  <form type="lemma"><orth>ЛОИ</orth></form>, <gramGrp><gram type="gender">м.</gram></gramGrp> и <form type="variant"><orth>ЛООСЪ</orth></form>, <gramGrp><gram type="gender">м.</gram></gramGrp> 
      <def>Название македонского месяца.</def> 
      <cit type="example"><quote>Мс҃ци по елиномъ .а҃. ксанфикъ .в҃. артемисии ... .е҃. лоосъ <gloss lang="grc" class="ex">(Λῷος)</gloss>.</quote> <bibl><title class="source">Изб.Св.</title> <date when="1073">1073 г.</date><hi rend="sup">3</hi>, <biblScope unit="page">1157</biblScope>.</bibl></cit> 
      <cit type="example"><quote>Идоша на супостаты въ .е҃i. мс҃ця лоя нарекомыи августъ <gloss lang="grc" class="ex">(Λώου μηνός)</gloss>.</quote> <bibl><title class="source">Флавий.Полон.Иерус. (Арх.)</title>, <biblScope unit="page">190</biblScope>. <date notAfter="1500" notBefore="1400">XV в.</date><origDate notAfter="1100" notBefore="1000"> ~ XI-XII вв.</origDate></bibl></cit>
  </entry>  <entry xml:lang="orv" xml:id="ЛОРЪ" type="supplementaryEntry"> <ref target="ЛОРЪ" type="entry"></ref> 
  <form type="lemma"><orth>ЛОРЪ</orth></form>, <gramGrp><gram type="gender">м.</gram></gramGrp> 
      <def>Пояс, повязка <etym lang="grc"><hi rend="plain">(</hi>ср. греч. <ref type="lemma" lang="grc">λῶρος</ref></etym><hi rend="plain">)</hi>.</def> 
      <cit type="example"><quote>Новаа цр҃кви Фотиемь патриархомъ обновлена быс&lt;ть&gt; и сщ҃на, цр҃ви въ лорѣ, рекше цр҃скымъ обитиемъ, прошедшу, злато много и сребро раздаавшу и Нѣю <note>[Νέαν]</note> нарекшу, сказаема Нова <gloss lang="grc" class="ex">(μετὰ λώρου)</gloss>.</quote> <bibl><title class="source">Хрон.Г.Амарт.</title>, <biblScope unit="page">524</biblScope>. <date>XV вв.</date> <origDate notAfter="1100" notBefore="1000">~ XI в.</origDate></bibl></cit>
  </entry>  <entry xml:lang="orv" xml:id="ЛОРОПОДЪ" type="supplementaryEntry"> <ref target="ЛОРОПОДЪ" type="entry"></ref> 
  <form type="lemma"><orth>ЛОРОПОДЪ</orth></form>, <gramGrp><gram type="gender">м.</gram></gramGrp> 
      <def>Тот, у кого ноги, как у змеи, змееногий <hi rend="plain">(</hi>о гиганте<hi rend="plain">)</hi> <etym lang="grc"><hi rend="plain">(</hi>ср. греч. <ref type="lemma" lang="grc">λωρόπους</ref></etym><hi rend="plain">)</hi>.</def> 
      <cit type="example"><quote>И пришедъ противу великымъ вратомъ Синатовомь, на многы часы нача зрѣти сущая на неи болъваны, нарѣчаемыя грѣцкы лороподы, есть же образъ лороподомъ симъ чл҃вцьскъ, а плесну мѣсто имѣють змѣевы главы <gloss lang="grc" class="ex">(τοὺς... λωρόποδας)</gloss>.</quote> <bibl><title class="source">Ж.Андр.Юрод.</title><hi rend="sup">1</hi>, <biblScope unit="page">288</biblScope>. <date notAfter="1500" notBefore="1100">XIV—XII вв.</date></bibl></cit>
  </entry>  <entry xml:lang="orv" xml:id="МАРСУАНЪ" type="supplementaryEntry"> <ref target="МАРСУАНЪ" type="entry"></ref> 
  <form type="lemma"><orth>МАРСУАНЪ</orth></form>, <gramGrp><gram type="gender">м.</gram></gramGrp> 
      <def>Название восьмого месяца еврейского календаря <etym lang="grc"><hi rend="plain">(</hi>ср. греч. <ref type="lemma" lang="grc">Μαρσουάν</ref></etym> <etym lang="yid"><hi rend="plain">(</hi>от евр. <ref type="lemma" rend="plain">Marheshvan</ref></etym><hi rend="plain">)</hi>.</def> 
      <cit type="example"><quote>Мс҃ци по иудѣемъ .а҃. нисан... .г҃. сиуан <gloss lang="grc" class="ex">(Μαρσουάν)</gloss>.</quote> <bibl><title class="source">Изб.Св.</title> <date when="1073">1073 г.</date>, <biblScope unit="page">1155</biblScope>.</bibl></cit>
  </entry>  <entry xml:lang="orv" xml:id="МЕХИРЪ" type="supplementaryEntry"> <ref target="МЕХИРЪ" type="entry"></ref> 
  <form type="lemma"><orth>МЕХИРЪ</orth></form>, <gramGrp><gram type="gender">м.</gram></gramGrp> 
      <def>Название одиннадцатого месяца древнеегипетского календаря <etym lang="grc"><hi rend="plain">(</hi>ср. греч. <ref type="lemma" lang="grc">Μεχίρ</ref></etym><etym lang="cop"> <hi rend="plain">(</hi>от коптск. <ref type="lemma" rend="plain"> Meshir</ref></etym><hi rend="plain">)</hi>.</def> 
      <cit type="example"><quote>Мс҃ци по еугупьтѣнем .а҃. фармуфи .в҃. пахонъ .г҃. пауни... іа҃. мехиръ <gloss lang="grc" class="ex">(Μεχίρ)</gloss>.</quote> <bibl><title class="source">Изб.Св.</title> <date when="1073">1073 г.</date>, <biblScope unit="page">1157</biblScope>.</bibl></cit> 
      <cit type="example"><quote>Убываниа убо сл҃нцю лучает не часто по двою на десят мехиря мс҃ца</quote>. <bibl><title class="source">Козма Инд.</title><hi rend="sup">2</hi>, <biblScope unit="page">201</biblScope>. <date when="1495">1495 в.</date> <origDate notAfter="1300" notBefore="1200">~ XII-XIII в.</origDate></bibl></cit>
  </entry>  <entry xml:lang="orv" xml:id="НАРФИКЪ" type="supplementaryEntry"> <ref target="НАРФИКЪ" type="entry"></ref> 
  <form type="lemma"><orth>НАРФИКЪ</orth></form>, <gramGrp><gram type="gender">м.</gram></gramGrp> 
      <def>Нартек <hi rend="plain">(</hi>растение Ferula communis<hi rend="plain">)</hi>.</def> 
      <cit type="example"><quote>Инакъ бо схыновьскыи клѣи бываеть, иже зовуть слезу, инака же слеза власамная <note>[вар. <quote>валсамная</quote>]</note>, аки вода, и нарьфика въ Егуптѣ и Ливии инакы слезы имуть <gloss lang="grc" class="ex">(νάρθηκές τινες)</gloss>.</quote> <bibl><title class="source">Шестоднев Ио.екз. (Б.)</title>, <biblScope unit="page">262.</biblScope> <date notAfter="1500" notBefore="1400">XV в.</date> <origDate notAfter="1300" notBefore="1200">~ XII-XIII в.</origDate></bibl></cit>
  </entry>  <entry xml:lang="orv" xml:id="НЕВРА" type="supplementaryEntry"> <ref target="НЕВРА" type="entry"></ref> 
  <form type="lemma"><orth>НЕВРА</orth></form>, <gramGrp><gram type="gender">ж.</gram></gramGrp> 
      <def>Нерв <etym lang="grc"><hi rend="plain">(</hi>ср. греч. <ref type="lemma" lang="grc">νεῦρα</ref> <gramGrp><gram type="number">мн. от</gram></gramGrp><ref type="lemma" lang="grc"> τὸ νεῦρον</ref></etym><hi rend="plain">)</hi>.</def> 
      <cit type="example"><quote>Невра - жила.</quote> <bibl><title class="source">Алф.</title><hi rend="sup">1</hi>, <biblScope unit="page">150 об.</biblScope> <date notAfter="1700" notBefore="1600">XVII в.</date></bibl></cit>
  </entry>  <entry xml:lang="orv" xml:id="НОИ" type="supplementaryEntry"> <ref target="НОИ" type="entry"></ref> 
  <form type="lemma"><orth>[НОИ]</orth></form>, <gramGrp><gram type="number">мн.</gram></gramGrp>, <etym lang="grc" class="ex">от греч. <ref type="lemma" lang="grc">νόος</ref>.</etym> 
      <def>Ум, разум или мыслительное начало.</def> 
      <cit type="example"><quote>Гл҃ють бо ... яко ноеви, рекше разумни, бяху кромѣ всего числа и имени <gloss lang="grc" class="ex">(νόες)</gloss>.</quote> <bibl><title class="source">Хрон.Г.Амарт.</title>, <biblScope unit="page">413</biblScope>. <date>XV в.</date> <origDate notAfter="1100" notBefore="1000">~ XI в.</origDate></bibl></cit>
  </entry>  <entry xml:lang="orv" xml:id="ОРОДИОНЪ" type="supplementaryEntry"> <ref target="ОРОДИОНЪ" type="entry"></ref> 
  <form type="lemma"><orth>ОРОДИОНЪ</orth></form>, <gramGrp><gram type="gender">м.</gram></gramGrp> 
      <def>Цапля или аис <etym lang="grc"><hi rend="plain">(</hi>ср. греч. <ref type="lemma" lang="grc">ἐρωδιός</ref></etym><hi rend="plain">)</hi>.</def> 
      <cit type="example"><quote>И сих гнушаитес&lt;я&gt; ... и врана нощнаго, и илилика, и ивеинъ, и порфуриона, и ородиона <gloss lang="grc" class="ex">(ἐρωδιόν)</gloss>.</quote> <bibl><title class="text">(Лев. XI, 18)</title> <title class="source">Библ.Генн.</title> <date when="1581">1499 г.</date></bibl></cit> 
    <xr type="related">— <lbl type="cf">Ср.</lbl> <ref type="lemma">еродий</ref> <note>[начальное 0-, вероятно, результат ассимиляции].</note></xr>
  </entry>  <entry xml:lang="orv" xml:id="ПАПЕГЪ" type="supplementaryEntry"> <ref target="ПАПЕГЪ" type="entry"></ref> 
  <form type="lemma"><orth>ПАПЕГЪ</orth></form>, <gramGrp><gram type="gender">м.</gram></gramGrp> 
      <def>Попугай.</def> 
      <cit type="example"><quote>Папег.</quote>. <bibl><title class="source">Алф.</title><hi rend="sup">1</hi>, <biblScope unit="page">104 об.</biblScope></bibl></cit> 
    <xr type="related">— <lbl type="cf">Ср.</lbl> <ref type="lemma">папега</ref></xr>
  </entry>  <entry xml:lang="orv" xml:id="ПАРЕНЕСИСЪ" type="supplementaryEntry"> <ref target="ПАРЕНЕСИСЪ" type="entry"></ref> 
  <form type="lemma"><orth>ПАРЕНЕСИСЪ</orth></form>, <etym lang="grc" class="ex">от греч.<ref type="lemma" lang="grc">παραίνεσις</ref> <lbl type="instead" rend="italic">'назидание, наставление, проповедь'</lbl>;</etym> 
      <def>название сочинения Ефрема Сирина <hi rend="plain">(</hi>IV в.<hi rend="plain">)</hi>.</def> 
      <cit type="example"><quote>Книгы ст҃го Ефрѣмъ гл҃емыя гречьскымь языкомь паренесисъ. Сказаеть же ся паренеси притча, утѣшѣнье молѣнье.</quote>. <bibl><title class="source">Ефр.Сир.</title>, <biblScope unit="volume">I</biblScope>. <origDate notAfter="1300" notBefore="1200"> 1269—1289 гг.</origDate></bibl>.</cit>
  </entry>  <entry xml:lang="orv" xml:id="ПАРФЕНОСЪ" type="supplementaryEntry"> <ref target="ПАРФЕНОСЪ" type="entry"></ref> 
  <form type="lemma"><orth>ПАРФЕНОСЪ</orth></form>, <gramGrp><gram type="gender">м.</gram></gramGrp> 
      <def>Греческое название пятого месяца, соответствующего созвездию Девы.</def> 
      <cit type="example"><quote>Мс҃ци по македономъ .а҃. таурос .в҃. дидумь .г҃. каркинъ .д҃. львъ .е҃. парфенос <note>[глосса: <quote>дѣвица</quote>]</note> <gloss lang="grc" class="ex">(Παρθένος)</gloss>.</quote> <bibl><title class="source">Изб.Св.1073 г.</title><date when="1073" type="hidden"/>, <biblScope unit="page">1155</biblScope>.</bibl></cit>
  </entry>  <entry xml:lang="orv" xml:id="ПЕРЕДИКСИ" type="supplementaryEntry"> <ref target="ПЕРЕДИКСИ" type="entry"></ref> 
  <form type="lemma"><orth>ПЕРЕДИКСИ</orth></form>, <etym lang="grc" class="ex">от греч.<ref type="lemma" lang="grc">περιδέξι(ον)</ref></etym> 
      <def>Название дерева <hi rend="plain">(</hi>разновидность дуба<hi rend="plain">)</hi>.</def> 
      <cit type="example"><quote>О дубѣ перидѣкъсиистѣмъ. Есть дубъ во Индии, передикси тако зовомъ, и овощь дуба того пресладокъ есть <gloss lang="grc" class="ex">(δένδρον... περιδέξιον)</gloss>.</quote> <bibl><title class="source">Физ.</title>, <biblScope unit="page">340</biblScope>. <date notAfter="1600" notBefore="1400">XV-XVI в.</date></bibl></cit>
  </entry>  <entry xml:lang="orv" xml:id="ПЕРИДѢКСИЙСКИЙ" type="supplementaryEntry"> <ref target="ПЕРИДѢКСИЙСКИЙ" type="entry"></ref> 
  <form type="lemma"><orth>ПЕРИДѢКСИЙСКИЙ</orth></form>, <gramGrp><gram type="pos" value="ADJ">прил.</gram></gramGrp> 
      <def>Относящийся к названию дерева передикси или перидикси <hi rend="plain">(</hi>?<hi rend="plain">)</hi>.</def> 
      <cit type="example"><quote>О дубѣ перидѣкъсиистѣмъ. Есть дубъ во Индии, передикси тако зовомъ, и овощь дуба того пресладокъ есть <gloss lang="grc" class="ex">(περὶ δένδρου περιδεξίου)</gloss>.</quote> <bibl><title class="source">Физ.</title>, <biblScope unit="page">340</biblScope>. <date notAfter="1600" notBefore="1400">XV-XVI в.</date></bibl></cit>
  </entry>  <entry xml:lang="orv" xml:id="РОДА" type="supplementaryEntry"> <ref target="РОДА" type="entry"></ref> 
  <form type="lemma"><orth>РОДА</orth></form>, <gramGrp><gram type="gender">ж.</gram></gramGrp>, <etym lang="grc" class="ex">от греч. <ref type="lemma" lang="grc">ῥόδα</ref>, <gramGrp><gram type="number">мн. от</gram></gramGrp> <ref type="lemma" lang="grc">ῥόδον</ref></etym> 
      <def>Роза.</def> 
      <cit type="example"><quote>Бѣаше же одѣнъ <note>[юноша]</note> одежею бо҃лѣпною, от шию до перси его бѣлу ... от персии же до пояса, якоже иа и рода багряна, а от пояса до колѣну его, яко былье зелено и китро льщащеся <gloss lang="grc" class="ex">(ἴον καὶ ῥόδον)</gloss>.</quote> <bibl><title class="source">Ж.Андр.Юрод.</title><hi rend="sup">1</hi>, <biblScope unit="page">227</biblScope>. <date notAfter="1400" notBefore="1300">XIV в.</date><origDate notAfter="1200" notBefore="1100"> ~ XII в.</origDate></bibl></cit>
  </entry>  <entry xml:lang="orv" xml:id="РОМАНИСЪ" type="supplementaryEntry"> <ref target="РОМАНИСЪ" type="entry"></ref> 
  <form type="lemma"><orth>РОМАНИСЪ</orth></form>, <gramGrp><gram type="gender">м.</gram></gramGrp> 
      <def>Дверная задвижка, запор, засов <gloss lang="grc"><hi rend="plain">(</hi>ср. греч. <ref type="lemma" lang="grc">Σαβάτ</ref></gloss><hi rend="plain">)</hi>.</def> 
      <cit type="example"><quote>Повѣжь намъ, кымъ образомъ ключю и романису цѣлу сущу, како тыи внѣ быс&lt;ть&gt; <gloss lang="grc" class="ex">(τοῦ ῥωμανισίου)</gloss>?</quote> <bibl><title class="source">Ж.Вас.Нов.</title><hi rend="sup">2</hi>, <biblScope unit="page">231</biblScope>. <date notAfter="1500" notBefore="1400">XV в.</date> <origDate notAfter="1100" notBefore="1000">~ XI в.</origDate></bibl></cit> 
    <xr type="related">— <lbl type="cf">Ср.</lbl> <ref type="lemma">романистъ</ref>.</xr>
  </entry>  <entry xml:lang="orv" xml:id="САВАТЪ" type="supplementaryEntry"> <ref target="САВАТЪ" type="entry"></ref> 
  <form type="lemma"><orth>САВАТЪ</orth></form>, <gramGrp><gram type="gender">м.</gram></gramGrp> 
      <def>Название одиннадцатого месяца еврейского календаря <etym lang="grc"><hi rend="plain">(</hi>ср. греч. <ref type="lemma" lang="grc">Σαβάτ</ref></etym> <etym lang="yid"><hi rend="plain">(</hi>от евр. <ref type="lemma" rend="plain">Shevat</ref></etym><hi rend="plain">)</hi>.</def> 
      <cit type="example"><quote>Мс҃ци по иудѣемъ .а҃. нисан... .іа҃. саватъ <gloss lang="grc" class="ex">(Σαβάτ)</gloss>.</quote> <bibl><title class="source">Изб.Св.1073 г.</title><hi rend="sup">3</hi> <date when="1073" type="hidden"/>, <biblScope unit="page">1155</biblScope>.</bibl></cit>
  </entry>  <entry xml:lang="orv" xml:id="СЕУКЛЪ" type="supplementaryEntry"> <ref target="СЕУКЛЪ" type="entry"></ref> 
  <form type="lemma"><orth>СЕУКЛЪ</orth></form>, <gramGrp><gram type="gender">м.</gram></gramGrp> 
      <def>Свекла <gloss lang="grc"><hi rend="plain">(</hi>ср. греч. <ref type="lemma" lang="grc"><hi rend="plain">(</hi>σεῦκλον, σεῦτλον</ref></gloss><hi rend="plain">)</hi>.</def> 
      <cit type="example"><quote>Сеукла не яжь <gloss lang="grc" class="ex"> σεύτλου [вар. <quote>σεύτλα</quote>]</gloss>.</quote> <bibl><title class="source">Изб.Св.</title> <date when="1073">1073 г.</date><hi rend="sup">3</hi>, <biblScope unit="page">1155</biblScope>.</bibl></cit> 
    <xr type="related">— <lbl type="cf">Ср.</lbl> <ref type="lemma">свекла</ref>.</xr>
  </entry>  <entry xml:lang="orv" xml:id="СИУАНЪ" type="supplementaryEntry"> <ref target="СИУАНЪ" type="entry"></ref> 
  <form type="lemma"><orth>СИУАНЪ</orth></form>, <gramGrp><gram type="gender">м.</gram></gramGrp> 
      <def>Название третьего месяца еврейского календаря <etym lang="grc"><hi rend="plain">(</hi>ср. греч. <ref type="lemma" lang="grc">συκοτύκυλα</ref></etym> <etym lang="yid"><hi rend="plain">(</hi>от евр. <ref type="lemma" rend="plain">Sian</ref></etym><hi rend="plain">)</hi>.</def> 
      <cit type="example"><quote>Мс҃ци по иудѣемъ .а҃. нисан... .г҃. сиуан <gloss lang="grc" class="ex"> Σιουάν</gloss>.</quote> <bibl><title class="source">Изб.Св.</title> <date when="1073">1073 г.</date><hi rend="sup">3</hi>, <biblScope unit="page">1155</biblScope>.</bibl></cit>
  </entry>  <entry xml:lang="orv" xml:id="СУКОТОКУЛА" type="supplementaryEntry"> <ref target="СУКОТОКУЛА" type="entry"></ref> 
  <form type="lemma"><orth>СУКОТОКОЛА</orth></form> вм. [<form type="variant" usg="hyp"><orth>СУКОТУКУЛА</orth></form>], <gramGrp><gram type="gender">ж.</gram></gramGrp> 
      <def>Ябеда, клеветник<gloss lang="grc"> <hi rend="plain">(</hi>ср. греч. <ref type="lemma" lang="grc">συκοτύκυλα</ref></gloss><hi rend="plain">)</hi>.</def> 
      <cit type="example"><quote>Что бо имяху книгы? Нужа слышати и посмѣятися яснѣ. Яко сукотокула <note>[пропущено: рече — φησίν]</note> куря извѣрѣша <note>[вм.: изѣдѣше ‘ел’]</note>, и аки многы часы кланяние творя, моляшеся, и ина подобна сих смѣшнѣиша. Таковых убо книгь дѣля звааху отвѣщати <gloss lang="grc" class="ex">(συκοτύκυλα)</gloss>.</quote> <bibl><title class="source">ВМЧ</title>, <biblScope unit="volume">Апр. 1—8</biblScope>, <biblScope unit="page">219</biblScope>. <date notAfter="1600" notBefore="1500">XVI в.</date></bibl></cit>
  </entry>  <entry xml:lang="orv" xml:id="ТАУРОСЪ" type="supplementaryEntry"> <ref target="ТАУРОСЪ" type="entry"></ref> 
  <form type="lemma"><orth>ТАУРОСЪ</orth></form>, <gramGrp><gram type="gender">ж.</gram></gramGrp> 
      <def>Греческое название месяца, соответствующего созвездию Быка.</def> 
      <cit type="example"><quote>Мс҃ци по македономъ .а.҃ таурос <gloss lang="grc" class="ex">(Ταῦρος)</gloss>.</quote> <bibl><title class="source">Изб.Св.1073 г.</title><hi rend="sup">3</hi><date when="1073" type="hidden"/>, <biblScope unit="page">1155</biblScope>.</bibl></cit> 
    <xr type="related">— <lbl type="cf">Ср.</lbl> <ref type="lemma">тауръ</ref>.</xr>
  </entry>  <entry xml:lang="orv" xml:id="ТОКСОТИСЪ" type="supplementaryEntry"> <ref target="ТОКСОТИСЪ" type="entry"></ref> 
  <form type="lemma"><orth>ТОКСОТИСЪ</orth></form>, <gramGrp><gram type="gender">ж.</gram></gramGrp> 
      <def>Греческое название месяца, соответствующего созвездию Стрельца.</def> 
      <cit type="example"><quote>Мс҃ци по македономъ. .а.҃ таурос... .и҃. токсотис <gloss lang="grc" class="ex">(Τοξότης)</gloss>.</quote> <bibl><title class="source">Изб.Св.1073 г.</title><hi rend="sup">3</hi><date when="1073" type="hidden"/>, <biblScope unit="page">1155</biblScope>.</bibl></cit> <note>[ср. выше на <bibl><biblScope unit="page">л. 251а</biblScope>, <biblScope unit="line">в строке 4</biblScope></bibl> слово переведено: <quote>стрѣльць</quote>]</note>
  </entry>  <entry xml:lang="orv" xml:id="ТРОФЕА" type="supplementaryEntry"> <ref target="ТРОФЕА" type="entry"></ref> 
  <form type="lemma"><orth>ТРОФЕА</orth></form>, <gloss lang="lat">(от лат. <ref type="lemma" lang="lat">tropaea</ref> <gramGrp><gram type="number">мн. от</gram></gramGrp> <ref type="lemma" lang="lat">tropaeum</ref></gloss> <gloss lang="grc">(из греч. <ref type="lemma" lang="grc">τρόπαιον</ref></gloss>). 
      <def>Трофеи.</def> 
      <cit type="example"><quote>Иасонъ бо не пращаше упадениа гражаном своим, ни помышляшляше <note>[так!]</note> преспѣваниа на ужикы лукаво быти, велми чающи врагом и не гражаном себѣ трофеа приат <gloss lang="grc" class="ex">(tropaea)</gloss>.</quote> <bibl><title class="text">(2 Макк. V, 6)</title> <title class="source">Библ.Генн.1499 г.</title><date when="1499" type="hidden"/></bibl></cit>
  </entry>  <entry xml:lang="orv" xml:id="УДРИХООСЪ" type="supplementaryEntry"> <ref target="УДРИХООСЪ" type="entry"></ref> 
  <form type="lemma"><orth>УДРИХООСЪ</orth></form>, <gramGrp><gram type="gender">м.</gram></gramGrp> 
      <def>Греческое название месяца, соответствующего созвездию Водолея.</def> 
      <cit type="example"><quote>Мс҃ци по македономъ .а҃. таурос... .i҃. удрихоос <gloss lang="grc" class="ex">(Ὑδροχόος)</gloss>.</quote> <bibl><title class="source">Изб.Св.1073 г.</title><date when="1073" type="hidden"/>, <biblScope unit="page">1155</biblScope>.</bibl></cit> <note>[ср. выше на <bibl><biblScope unit="page">л. 251а</biblScope>, <biblScope unit="line">строки 6–7</biblScope></bibl> слово переведено: <quote>водолѣиць</quote>]</note> 
    <xr type="related">— <lbl type="cf">Ср.</lbl> <ref type="lemma">удрихъ</ref>.</xr>
  </entry>
</body> 

</text> 
</TEI> 